SAMPLE_NAME,ENA_FILE_PATH,READ_COUNT,POPULATION,MD5SUM
NA18544,https://ftp-trace.ncbi.nlm.nih.gov/1000genomes/ftp/1000G_2504_high_coverage/data/ERR3239496/NA18544.final.cram,731634284,CHB,7dafa601311b53abf7eed18ec0ab9aa2
NA18546,https://ftp-trace.ncbi.nlm.nih.gov/1000genomes/ftp/1000G_2504_high_coverage/data/ERR3239497/NA18546.final.cram,718652394,CHB,042c096211b182e35d23340fd8040d14
NA20764,https://ftp-trace.ncbi.nlm.nih.gov/1000genomes/ftp/1000G_2504_high_coverage/data/ERR3239844/NA20764.final.cram,733908642,TSI,40df799356e54a9e51cfbeedcadd6d59
HG00445,https://ftp-trace.ncbi.nlm.nih.gov/1000genomes/ftp/1000G_2504_high_coverage/data/ERR3240185/HG00445.final.cram,820553524,CHS,c6ff85a8086fbfab1ad52d6c5bf10841
HG00463,https://ftp-trace.ncbi.nlm.nih.gov/1000genomes/ftp/1000G_2504_high_coverage/data/ERR3240191/HG00463.final.cram,746769468,CHS,f4e551d558d8515089b8063badcd24e1
HG00464,https://ftp-trace.ncbi.nlm.nih.gov/1000genomes/ftp/1000G_2504_high_coverage/data/ERR3240192/HG00464.final.cram,766637202,CHS,c52514fc7847caea7f12e32d5bd02220
NA18623,https://ftp-trace.ncbi.nlm.nih.gov/1000genomes/ftp/1000G_2504_high_coverage/data/ERR3239520/NA18623.final.cram,751651770,CHB,b6a1cbb6d1412c7d9bd82e1723d232fe
NA20798,https://ftp-trace.ncbi.nlm.nih.gov/1000genomes/ftp/1000G_2504_high_coverage/data/ERR3239866/NA20798.final.cram,695287056,TSI,7752110b5d9c0661f3ab5c896854aa50
NA18632,https://ftp-trace.ncbi.nlm.nih.gov/1000genomes/ftp/1000G_2504_high_coverage/data/ERR3239528/NA18632.final.cram,735483830,CHB,b974e3aae5cf2d7407f7a3fc727531de
NA20828,https://ftp-trace.ncbi.nlm.nih.gov/1000genomes/ftp/1000G_2504_high_coverage/data/ERR3239890/NA20828.final.cram,754544398,TSI,440c9e91c73a99a3128579dd1b348acd
HG00343,https://ftp-trace.ncbi.nlm.nih.gov/1000genomes/ftp/1000G_2504_high_coverage/data/ERR3240249/HG00343.final.cram,721087828,FIN,7745004ed551a65e9759f02629438985
NA18757,https://ftp-trace.ncbi.nlm.nih.gov/1000genomes/ftp/1000G_2504_high_coverage/data/ERR3239546/NA18757.final.cram,682076498,CHB,ac529aa2c08499522fc85ae01aad03eb
NA18873,https://ftp-trace.ncbi.nlm.nih.gov/1000genomes/ftp/1000G_2504_high_coverage/data/ERR3239549/NA18873.final.cram,736311044,YRI,1cb961f72df15499768db822d46dabfb
NA18939,https://ftp-trace.ncbi.nlm.nih.gov/1000genomes/ftp/1000G_2504_high_coverage/data/ERR3239557/NA18939.final.cram,722484412,JPT,836d4516fac9bea99ff992300ea8ec42
NA19664,https://ftp-trace.ncbi.nlm.nih.gov/1000genomes/ftp/1000G_2504_high_coverage/data/ERR3239904/NA19664.final.cram,686113802,MXL,15ad0116bf46c8448e118fa492d2896a
NA19669,https://ftp-trace.ncbi.nlm.nih.gov/1000genomes/ftp/1000G_2504_high_coverage/data/ERR3239905/NA19669.final.cram,717187440,MXL,24c5e7e6fd9ce028addde8b78ffc5617
NA19670,https://ftp-trace.ncbi.nlm.nih.gov/1000genomes/ftp/1000G_2504_high_coverage/data/ERR3239906/NA19670.final.cram,766543332,MXL,bd98e8f0f02f59e0b566abf322121452
HG00350,https://ftp-trace.ncbi.nlm.nih.gov/1000genomes/ftp/1000G_2504_high_coverage/data/ERR3240254/HG00350.final.cram,1063913008,FIN,26c14bce2fd46c816748d78df7d614ee
HG00365,https://ftp-trace.ncbi.nlm.nih.gov/1000genomes/ftp/1000G_2504_high_coverage/data/ERR3240265/HG00365.final.cram,743268858,FIN,afd208406b10fc73a47be986f3b506c1
NA18992,https://ftp-trace.ncbi.nlm.nih.gov/1000genomes/ftp/1000G_2504_high_coverage/data/ERR3239571/NA18992.final.cram,696705152,JPT,5326dbf552e5b878e1f28a5b5c8bda99
NA19723,https://ftp-trace.ncbi.nlm.nih.gov/1000genomes/ftp/1000G_2504_high_coverage/data/ERR3239926/NA19723.final.cram,742043686,MXL,6ac74820a0661b7bf883aa1c914cdafe
NA19058,https://ftp-trace.ncbi.nlm.nih.gov/1000genomes/ftp/1000G_2504_high_coverage/data/ERR3239590/NA19058.final.cram,736191652,JPT,9b59f5427614e716b64d8da15915be18
NA19074,https://ftp-trace.ncbi.nlm.nih.gov/1000genomes/ftp/1000G_2504_high_coverage/data/ERR3239602/NA19074.final.cram,754549944,JPT,a13e784323850ff83ed135c7329cdb69
NA19075,https://ftp-trace.ncbi.nlm.nih.gov/1000genomes/ftp/1000G_2504_high_coverage/data/ERR3239603/NA19075.final.cram,758656546,JPT,f3ffb9aefe92a1e346a45a68a4130838
NA19078,https://ftp-trace.ncbi.nlm.nih.gov/1000genomes/ftp/1000G_2504_high_coverage/data/ERR3239606/NA19078.final.cram,799344074,JPT,ee7d12c8fe4ed2377f10c1999a01af5d
NA19771,https://ftp-trace.ncbi.nlm.nih.gov/1000genomes/ftp/1000G_2504_high_coverage/data/ERR3239944/NA19771.final.cram,682570324,MXL,60ad5a0c5ba088e4040d3a7c57948315
NA19794,https://ftp-trace.ncbi.nlm.nih.gov/1000genomes/ftp/1000G_2504_high_coverage/data/ERR3239957/NA19794.final.cram,832314074,MXL,2030d575ec1cf59b0e83089cc11252d7
NA19085,https://ftp-trace.ncbi.nlm.nih.gov/1000genomes/ftp/1000G_2504_high_coverage/data/ERR3239613/NA19085.final.cram,668974128,JPT,2377ae86b71ba8ebc2d307ac3d2ad5aa
NA19096,https://ftp-trace.ncbi.nlm.nih.gov/1000genomes/ftp/1000G_2504_high_coverage/data/ERR3239619/NA19096.final.cram,758557104,YRI,8e8279a2c946e76a47efa370e8d61610
NA19130,https://ftp-trace.ncbi.nlm.nih.gov/1000genomes/ftp/1000G_2504_high_coverage/data/ERR3239625/NA19130.final.cram,744945540,YRI,a49ce703755311c01d0e9109c89f862f
NA19916,https://ftp-trace.ncbi.nlm.nih.gov/1000genomes/ftp/1000G_2504_high_coverage/data/ERR3239969/NA19916.final.cram,936931088,ASW,e1fe15d9ffeb6866297dbeea18921f6a
NA20276,https://ftp-trace.ncbi.nlm.nih.gov/1000genomes/ftp/1000G_2504_high_coverage/data/ERR3239976/NA20276.final.cram,705835200,ASW,8d632839e89e630a3fcbbf8ef3d5f031
NA07357,https://ftp-trace.ncbi.nlm.nih.gov/1000genomes/ftp/1000G_2504_high_coverage/data/ERR3239283/NA07357.final.cram,689138062,CEU,95ec238f9872c128e7b9a93ac27ee7f3
NA10851,https://ftp-trace.ncbi.nlm.nih.gov/1000genomes/ftp/1000G_2504_high_coverage/data/ERR3239285/NA10851.final.cram,760444866,CEU,b881f6534d64e268c0f42a94ddade34b
NA11881,https://ftp-trace.ncbi.nlm.nih.gov/1000genomes/ftp/1000G_2504_high_coverage/data/ERR3239291/NA11881.final.cram,754102310,CEU,0adf2d389a10e6f77746a9aa4feae70b
NA12006,https://ftp-trace.ncbi.nlm.nih.gov/1000genomes/ftp/1000G_2504_high_coverage/data/ERR3239303/NA12006.final.cram,769469132,CEU,45f67b1b9dcd1104ecd692023f7b4eb4
NA19236,https://ftp-trace.ncbi.nlm.nih.gov/1000genomes/ftp/1000G_2504_high_coverage/data/ERR3239638/NA19236.final.cram,779323298,YRI,809c07db98316cefbf8f1bdb4d71e0ac
NA07048,https://ftp-trace.ncbi.nlm.nih.gov/1000genomes/ftp/1000G_2504_high_coverage/data/ERR3239642/NA07048.final.cram,726875706,CEU,43eaa591c245b23af70b6cd9b3694817
NA18533,https://ftp-trace.ncbi.nlm.nih.gov/1000genomes/ftp/1000G_2504_high_coverage/data/ERR3239649/NA18533.final.cram,713791504,CHB,ee6fa397057331f97845d4c6b481b4d5
NA18538,https://ftp-trace.ncbi.nlm.nih.gov/1000genomes/ftp/1000G_2504_high_coverage/data/ERR3239651/NA18538.final.cram,953534860,CHB,9fa07e370d13684ed93a6860c9044f99
NA20359,https://ftp-trace.ncbi.nlm.nih.gov/1000genomes/ftp/1000G_2504_high_coverage/data/ERR3239996/NA20359.final.cram,700608786,ASW,ec3fc86266de8af2662ae1cc9da5fe73
NA20846,https://ftp-trace.ncbi.nlm.nih.gov/1000genomes/ftp/1000G_2504_high_coverage/data/ERR3239998/NA20846.final.cram,711276606,GIH,2478b1a10e72a6243d217c9443c8e979
NA20854,https://ftp-trace.ncbi.nlm.nih.gov/1000genomes/ftp/1000G_2504_high_coverage/data/ERR3240005/NA20854.final.cram,777550324,GIH,8a8299a47a543ad9b9b226b372d3611c
NA12154,https://ftp-trace.ncbi.nlm.nih.gov/1000genomes/ftp/1000G_2504_high_coverage/data/ERR3239308/NA12154.final.cram,732033296,CEU,5ec0f35ee673d3adee691df2ca048557
NA12414,https://ftp-trace.ncbi.nlm.nih.gov/1000genomes/ftp/1000G_2504_high_coverage/data/ERR3239314/NA12414.final.cram,728015732,CEU,74e372aafa97c2c9ee84b417a200d4fb
NA12761,https://ftp-trace.ncbi.nlm.nih.gov/1000genomes/ftp/1000G_2504_high_coverage/data/ERR3239322/NA12761.final.cram,774851144,CEU,c44b51ff1131e6f22186e0e8a4f7ca96
NA12762,https://ftp-trace.ncbi.nlm.nih.gov/1000genomes/ftp/1000G_2504_high_coverage/data/ERR3239323/NA12762.final.cram,786708682,CEU,ff9dac9224c6089990f3ad23f81d8d67
NA18646,https://ftp-trace.ncbi.nlm.nih.gov/1000genomes/ftp/1000G_2504_high_coverage/data/ERR3239662/NA18646.final.cram,677462466,CHB,007c748774b100c019af60014a554c00
NA20877,https://ftp-trace.ncbi.nlm.nih.gov/1000genomes/ftp/1000G_2504_high_coverage/data/ERR3240018/NA20877.final.cram,698037076,GIH,de1e8ed85505fcb9d2a83f88942bae25
NA20881,https://ftp-trace.ncbi.nlm.nih.gov/1000genomes/ftp/1000G_2504_high_coverage/data/ERR3240020/NA20881.final.cram,755677040,GIH,282b14d63ea154a469a5fd84fe895553
NA20884,https://ftp-trace.ncbi.nlm.nih.gov/1000genomes/ftp/1000G_2504_high_coverage/data/ERR3240022/NA20884.final.cram,688817568,GIH,4d637bb5c42b3b847d51c90c34915d48
NA20890,https://ftp-trace.ncbi.nlm.nih.gov/1000genomes/ftp/1000G_2504_high_coverage/data/ERR3240028/NA20890.final.cram,725165598,GIH,1fac4aa0ea3d9f56a2a9fc969cbe5f58
NA12813,https://ftp-trace.ncbi.nlm.nih.gov/1000genomes/ftp/1000G_2504_high_coverage/data/ERR3239327/NA12813.final.cram,1269925360,CEU,0731fc4a21d75e075c97668da9aa5048
NA12828,https://ftp-trace.ncbi.nlm.nih.gov/1000genomes/ftp/1000G_2504_high_coverage/data/ERR3239330/NA12828.final.cram,734522146,CEU,169da9d5e69a894a03a18724f9507ceb
NA19024,https://ftp-trace.ncbi.nlm.nih.gov/1000genomes/ftp/1000G_2504_high_coverage/data/ERR3239687/NA19024.final.cram,764119890,LWK,88f9a7d42ee2ab73c38a62b76f7e8289
NA19037,https://ftp-trace.ncbi.nlm.nih.gov/1000genomes/ftp/1000G_2504_high_coverage/data/ERR3239696/NA19037.final.cram,902749932,LWK,8cd53293f267c3a1030d73bf35d9e37c
NA19038,https://ftp-trace.ncbi.nlm.nih.gov/1000genomes/ftp/1000G_2504_high_coverage/data/ERR3239697/NA19038.final.cram,764793182,LWK,d6946b8da192c748b6ca015d54f71dbc
NA20903,https://ftp-trace.ncbi.nlm.nih.gov/1000genomes/ftp/1000G_2504_high_coverage/data/ERR3240039/NA20903.final.cram,823706650,GIH,8b90288ff97e822582649a171e965595
NA20911,https://ftp-trace.ncbi.nlm.nih.gov/1000genomes/ftp/1000G_2504_high_coverage/data/ERR3240044/NA20911.final.cram,696464362,GIH,100ef57fb128f8896d74f1f79b37f2c0
NA18519,https://ftp-trace.ncbi.nlm.nih.gov/1000genomes/ftp/1000G_2504_high_coverage/data/ERR3239349/NA18519.final.cram,666068514,YRI,bbfb27d440194a20397ec8284a9036ea
NA18520,https://ftp-trace.ncbi.nlm.nih.gov/1000genomes/ftp/1000G_2504_high_coverage/data/ERR3239350/NA18520.final.cram,705935480,YRI,cc845a84af9e501e2e2e5f66a9978cd4
NA18526,https://ftp-trace.ncbi.nlm.nih.gov/1000genomes/ftp/1000G_2504_high_coverage/data/ERR3239353/NA18526.final.cram,800218004,CHB,4abcd7da28419aba4ceeb29ebe45e7ee
NA18558,https://ftp-trace.ncbi.nlm.nih.gov/1000genomes/ftp/1000G_2504_high_coverage/data/ERR3239362/NA18558.final.cram,686841702,CHB,149975862c9f1f178ae13f4c7c3798c2
NA19312,https://ftp-trace.ncbi.nlm.nih.gov/1000genomes/ftp/1000G_2504_high_coverage/data/ERR3239708/NA19312.final.cram,749918034,LWK,597ef0f470a4e2803bb0b1a80cdc88c4
NA19323,https://ftp-trace.ncbi.nlm.nih.gov/1000genomes/ftp/1000G_2504_high_coverage/data/ERR3239717/NA19323.final.cram,731479970,LWK,b3db208a7a374121252292a2c32ce866
NA19331,https://ftp-trace.ncbi.nlm.nih.gov/1000genomes/ftp/1000G_2504_high_coverage/data/ERR3239721/NA19331.final.cram,765575000,LWK,f7d65870a22bdd4cb1761ea585643f0b
NA21101,https://ftp-trace.ncbi.nlm.nih.gov/1000genomes/ftp/1000G_2504_high_coverage/data/ERR3240056/NA21101.final.cram,868658556,GIH,f171b20354e0be6d765508537d6c3ca5
NA21109,https://ftp-trace.ncbi.nlm.nih.gov/1000genomes/ftp/1000G_2504_high_coverage/data/ERR3240064/NA21109.final.cram,773439216,GIH,b209e1a7653440697b3a13a0d68a2e23
NA18572,https://ftp-trace.ncbi.nlm.nih.gov/1000genomes/ftp/1000G_2504_high_coverage/data/ERR3239370/NA18572.final.cram,1077297374,CHB,0fb5fd552868baa10742715da0c3ff97
NA18608,https://ftp-trace.ncbi.nlm.nih.gov/1000genomes/ftp/1000G_2504_high_coverage/data/ERR3239379/NA18608.final.cram,730096680,CHB,71a22412e7ff7270a3a04bf906117c07
NA18609,https://ftp-trace.ncbi.nlm.nih.gov/1000genomes/ftp/1000G_2504_high_coverage/data/ERR3239380/NA18609.final.cram,777553496,CHB,c6d5674496e93cab13131863fd76e571
NA18949,https://ftp-trace.ncbi.nlm.nih.gov/1000genomes/ftp/1000G_2504_high_coverage/data/ERR3239399/NA18949.final.cram,742088736,JPT,9b2761cd353ace1c51d7f27149bdb940
NA18961,https://ftp-trace.ncbi.nlm.nih.gov/1000genomes/ftp/1000G_2504_high_coverage/data/ERR3239406/NA18961.final.cram,725763916,JPT,4ea65ae77e9ba9db943ee9edb7f78766
NA19395,https://ftp-trace.ncbi.nlm.nih.gov/1000genomes/ftp/1000G_2504_high_coverage/data/ERR3239746/NA19395.final.cram,789922458,LWK,98e6ca4f14e68c494bef99246e5dffe9
NA19404,https://ftp-trace.ncbi.nlm.nih.gov/1000genomes/ftp/1000G_2504_high_coverage/data/ERR3239751/NA19404.final.cram,756033530,LWK,0a20f25282c111d9be8fdfcc955ac8d0
NA19439,https://ftp-trace.ncbi.nlm.nih.gov/1000genomes/ftp/1000G_2504_high_coverage/data/ERR3239761/NA19439.final.cram,745838660,LWK,52e10f481cc4b2b7f2bb0d3ae8a7c83f
NA19984,https://ftp-trace.ncbi.nlm.nih.gov/1000genomes/ftp/1000G_2504_high_coverage/data/ERR3240097/NA19984.final.cram,783700286,ASW,81e56e7d7e121483e8cd26b2f2468b52
NA20351,https://ftp-trace.ncbi.nlm.nih.gov/1000genomes/ftp/1000G_2504_high_coverage/data/ERR3240100/NA20351.final.cram,772566294,ASW,6ce47daa44323f3b31a0293c584c7a66
NA20905,https://ftp-trace.ncbi.nlm.nih.gov/1000genomes/ftp/1000G_2504_high_coverage/data/ERR3240106/NA20905.final.cram,1075863920,GIH,a3d846d270c8b17af58af7ede73edd37
NA21095,https://ftp-trace.ncbi.nlm.nih.gov/1000genomes/ftp/1000G_2504_high_coverage/data/ERR3240109/NA21095.final.cram,657542588,GIH,92a3867c48aa8828582186a1a3f312ba
NA19119,https://ftp-trace.ncbi.nlm.nih.gov/1000genomes/ftp/1000G_2504_high_coverage/data/ERR3239429/NA19119.final.cram,684828566,YRI,a89fc2428b931729b0fb4f5d3806b353
NA19131,https://ftp-trace.ncbi.nlm.nih.gov/1000genomes/ftp/1000G_2504_high_coverage/data/ERR3239431/NA19131.final.cram,897350140,YRI,4f0cab73a582711d93f5961c62f6640f
NA19452,https://ftp-trace.ncbi.nlm.nih.gov/1000genomes/ftp/1000G_2504_high_coverage/data/ERR3239769/NA19452.final.cram,740535080,LWK,1bf4ae21cb86694ccc7e3d112921a4d4
NA19461,https://ftp-trace.ncbi.nlm.nih.gov/1000genomes/ftp/1000G_2504_high_coverage/data/ERR3239774/NA19461.final.cram,764022816,LWK,d36b48b0e0f5bdb52c4ebda05104adfe
HG00101,https://ftp-trace.ncbi.nlm.nih.gov/1000genomes/ftp/1000G_2504_high_coverage/data/ERR3240118/HG00101.final.cram,770808970,GBR,d581ff70f96bad327b3a643cf4d13bd0
NA19190,https://ftp-trace.ncbi.nlm.nih.gov/1000genomes/ftp/1000G_2504_high_coverage/data/ERR3239444/NA19190.final.cram,876125840,YRI,76b7ea22f8f90f70cff868d171871382
NA19200,https://ftp-trace.ncbi.nlm.nih.gov/1000genomes/ftp/1000G_2504_high_coverage/data/ERR3239445/NA19200.final.cram,704778350,YRI,75cc2770eb2392d5683b4486966226ce
NA07056,https://ftp-trace.ncbi.nlm.nih.gov/1000genomes/ftp/1000G_2504_high_coverage/data/ERR3239456/NA07056.final.cram,715718796,CEU,65a6bec74f779502288041392df1856a
NA20516,https://ftp-trace.ncbi.nlm.nih.gov/1000genomes/ftp/1000G_2504_high_coverage/data/ERR3239799/NA20516.final.cram,771031902,TSI,c8f2fcce001fd32295d17689ca586ae5
NA20518,https://ftp-trace.ncbi.nlm.nih.gov/1000genomes/ftp/1000G_2504_high_coverage/data/ERR3239801/NA20518.final.cram,702391176,TSI,e46e239d33cb02591128a2c85de6ed31
NA20522,https://ftp-trace.ncbi.nlm.nih.gov/1000genomes/ftp/1000G_2504_high_coverage/data/ERR3239805/NA20522.final.cram,730109790,TSI,66bbc6270b49324dfc89ffb300278957
HG00132,https://ftp-trace.ncbi.nlm.nih.gov/1000genomes/ftp/1000G_2504_high_coverage/data/ERR3240140/HG00132.final.cram,742558586,GBR,04bb6c14b69d6ccc859f50c17e86d1fc
HG00140,https://ftp-trace.ncbi.nlm.nih.gov/1000genomes/ftp/1000G_2504_high_coverage/data/ERR3240146/HG00140.final.cram,758063834,GBR,962736512a6152b079672a0dba7e7085
NA06984,https://ftp-trace.ncbi.nlm.nih.gov/1000genomes/ftp/1000G_2504_high_coverage/data/ERR3239458/NA06984.final.cram,750645562,CEU,13a141df0f4d4775f7c7a27341e8ab47
NA12282,https://ftp-trace.ncbi.nlm.nih.gov/1000genomes/ftp/1000G_2504_high_coverage/data/ERR3239468/NA12282.final.cram,784959064,CEU,8a7197bf2b55cdc32109183d9f75ee3d
NA20532,https://ftp-trace.ncbi.nlm.nih.gov/1000genomes/ftp/1000G_2504_high_coverage/data/ERR3239813/NA20532.final.cram,694006284,TSI,b3b94ed066893da6cf789e5890038756
NA20535,https://ftp-trace.ncbi.nlm.nih.gov/1000genomes/ftp/1000G_2504_high_coverage/data/ERR3239816/NA20535.final.cram,732985832,TSI,cfb4a598b2ba034712568951d8e974a9
HG00180,https://ftp-trace.ncbi.nlm.nih.gov/1000genomes/ftp/1000G_2504_high_coverage/data/ERR3240167/HG00180.final.cram,776045870,FIN,0a1953e8d23ef8a0efd214c88ec6a261
HG00185,https://ftp-trace.ncbi.nlm.nih.gov/1000genomes/ftp/1000G_2504_high_coverage/data/ERR3240171/HG00185.final.cram,765675240,FIN,756e03c77e55371990e5ca9c25429e1c
HG00238,https://ftp-trace.ncbi.nlm.nih.gov/1000genomes/ftp/1000G_2504_high_coverage/data/ERR3240180/HG00238.final.cram,654515960,GBR,8d8c9eef67dbc8991a07418cd6150de1
HG01198,https://ftp-trace.ncbi.nlm.nih.gov/1000genomes/ftp/1000G_2504_high_coverage/data/ERR3241855/HG01198.final.cram,763217158,PUR,1e64c5b4e29db6de5924b1a4b24cdd14
HG01251,https://ftp-trace.ncbi.nlm.nih.gov/1000genomes/ftp/1000G_2504_high_coverage/data/ERR3241863/HG01251.final.cram,726874748,CLM,8d49dda5343848216c50207e9dfb719e
HG01882,https://ftp-trace.ncbi.nlm.nih.gov/1000genomes/ftp/1000G_2504_high_coverage/data/ERR3242189/HG01882.final.cram,748369992,ACB,5f4f2a2a69233b3c38251e2cad9d921f
HG02221,https://ftp-trace.ncbi.nlm.nih.gov/1000genomes/ftp/1000G_2504_high_coverage/data/ERR3242204/HG02221.final.cram,729473698,IBS,28a5efc84a66c309eb8197ab8090e21d
HG02236,https://ftp-trace.ncbi.nlm.nih.gov/1000genomes/ftp/1000G_2504_high_coverage/data/ERR3242206/HG02236.final.cram,752805456,IBS,ad1b64d2a0daf3934627f7d982439d4c
HG03385,https://ftp-trace.ncbi.nlm.nih.gov/1000genomes/ftp/1000G_2504_high_coverage/data/ERR3242544/HG03385.final.cram,756507900,MSL,9a128ffcb68f78b010e342c935d01ec4
HG03072,https://ftp-trace.ncbi.nlm.nih.gov/1000genomes/ftp/1000G_2504_high_coverage/data/ERR3242561/HG03072.final.cram,1068338974,MSL,71ca8626df72ab8dd9f9010c1bf7be18
HG03977,https://ftp-trace.ncbi.nlm.nih.gov/1000genomes/ftp/1000G_2504_high_coverage/data/ERR3242910/HG03977.final.cram,685294482,ITU,001cf5a2f1e810a4c6e496298b04c4ad
HG01272,https://ftp-trace.ncbi.nlm.nih.gov/1000genomes/ftp/1000G_2504_high_coverage/data/ERR3241871/HG01272.final.cram,743800766,CLM,738ec5669712eb7e88fa58f9a3e9b7e7
HG02396,https://ftp-trace.ncbi.nlm.nih.gov/1000genomes/ftp/1000G_2504_high_coverage/data/ERR3242216/HG02396.final.cram,740219094,CDX,eda8c1d4def9452a6959189364e9f670
HG03563,https://ftp-trace.ncbi.nlm.nih.gov/1000genomes/ftp/1000G_2504_high_coverage/data/ERR3242577/HG03563.final.cram,743514766,MSL,29c2be059b38751abbabab6b6b6da13d
HG03790,https://ftp-trace.ncbi.nlm.nih.gov/1000genomes/ftp/1000G_2504_high_coverage/data/ERR3242918/HG03790.final.cram,749699474,ITU,ee3beab9d673905942813b6b05d7c99d
HG03872,https://ftp-trace.ncbi.nlm.nih.gov/1000genomes/ftp/1000G_2504_high_coverage/data/ERR3242924/HG03872.final.cram,742101716,ITU,abbfd8329f99ef8669e41b8cd31588f1
HG01377,https://ftp-trace.ncbi.nlm.nih.gov/1000genomes/ftp/1000G_2504_high_coverage/data/ERR3241880/HG01377.final.cram,794629054,CLM,b2e50f23ba188dba0d0770ff96a6f2b1
HG01353,https://ftp-trace.ncbi.nlm.nih.gov/1000genomes/ftp/1000G_2504_high_coverage/data/ERR3241888/HG01353.final.cram,1018404490,CLM,33bf40b0d43e04f66d82d40976d78be5
HG01366,https://ftp-trace.ncbi.nlm.nih.gov/1000genomes/ftp/1000G_2504_high_coverage/data/ERR3241893/HG01366.final.cram,734444908,CLM,08878f055f5a50b5752d822ece80d544
HG02317,https://ftp-trace.ncbi.nlm.nih.gov/1000genomes/ftp/1000G_2504_high_coverage/data/ERR3242232/HG02317.final.cram,672439322,ACB,32d6ae696482fc63adaa4c7379d2842a
HG02318,https://ftp-trace.ncbi.nlm.nih.gov/1000genomes/ftp/1000G_2504_high_coverage/data/ERR3242233/HG02318.final.cram,701323418,ACB,f27c414beac9b7ef7c82caf32d67841e
HG02146,https://ftp-trace.ncbi.nlm.nih.gov/1000genomes/ftp/1000G_2504_high_coverage/data/ERR3242237/HG02146.final.cram,682180162,PEL,4abb02dce09711bebea1dd90e5e45513
HG01699,https://ftp-trace.ncbi.nlm.nih.gov/1000genomes/ftp/1000G_2504_high_coverage/data/ERR3242249/HG01699.final.cram,736398478,IBS,f4110d244566ab5b83ebfc37fff95b0c
HG02223,https://ftp-trace.ncbi.nlm.nih.gov/1000genomes/ftp/1000G_2504_high_coverage/data/ERR3242252/HG02223.final.cram,725330328,IBS,9e5de31d0db953a8a2d4e74534cbc8e7
HG03514,https://ftp-trace.ncbi.nlm.nih.gov/1000genomes/ftp/1000G_2504_high_coverage/data/ERR3242586/HG03514.final.cram,730018994,ESN,7a6e08306a5c1380df48a69360c1caac
HG03279,https://ftp-trace.ncbi.nlm.nih.gov/1000genomes/ftp/1000G_2504_high_coverage/data/ERR3242592/HG03279.final.cram,836742124,ESN,fd06fbdef1d14d97c24d00fd4f3a9768
HG02870,https://ftp-trace.ncbi.nlm.nih.gov/1000genomes/ftp/1000G_2504_high_coverage/data/ERR3242944/HG02870.final.cram,771991088,GWD,6dc7b7d210de574664ddbcd5e933ddb0
HG03054,https://ftp-trace.ncbi.nlm.nih.gov/1000genomes/ftp/1000G_2504_high_coverage/data/ERR3242951/HG03054.final.cram,867400248,MSL,697a229fe867c6e36619f1775b57e0db
HG01465,https://ftp-trace.ncbi.nlm.nih.gov/1000genomes/ftp/1000G_2504_high_coverage/data/ERR3241907/HG01465.final.cram,725177100,CLM,a330e3013cdcf40d93e7e300f5a753da
HG01503,https://ftp-trace.ncbi.nlm.nih.gov/1000genomes/ftp/1000G_2504_high_coverage/data/ERR3241918/HG01503.final.cram,727279812,IBS,9f8a90289ad7cc7009ea86e8b74b10b5
HG02379,https://ftp-trace.ncbi.nlm.nih.gov/1000genomes/ftp/1000G_2504_high_coverage/data/ERR3242271/HG02379.final.cram,696782714,CDX,f2c7dcaac5ec972e6c9a6be7fe4c6e58
HG02380,https://ftp-trace.ncbi.nlm.nih.gov/1000genomes/ftp/1000G_2504_high_coverage/data/ERR3242272/HG02380.final.cram,727378332,CDX,9e68fbb3b0c4bcb0f0e85eb765024833
HG03169,https://ftp-trace.ncbi.nlm.nih.gov/1000genomes/ftp/1000G_2504_high_coverage/data/ERR3242616/HG03169.final.cram,772619504,ESN,d6866621a045891094d9e9ee1eb16da7
HG03095,https://ftp-trace.ncbi.nlm.nih.gov/1000genomes/ftp/1000G_2504_high_coverage/data/ERR3242962/HG03095.final.cram,676891504,MSL,f1cb5f5b58ad1cd56947c52d18446eed
HG01519,https://ftp-trace.ncbi.nlm.nih.gov/1000genomes/ftp/1000G_2504_high_coverage/data/ERR3241929/HG01519.final.cram,732673852,IBS,d5e3fb0f7318d85c4bfc9296075c1b92
HG01536,https://ftp-trace.ncbi.nlm.nih.gov/1000genomes/ftp/1000G_2504_high_coverage/data/ERR3241938/HG01536.final.cram,772416780,IBS,e4bc9761ba20ca6054fcfb37246367b5
HG01537,https://ftp-trace.ncbi.nlm.nih.gov/1000genomes/ftp/1000G_2504_high_coverage/data/ERR3241939/HG01537.final.cram,721191426,IBS,060fbe1da489bc4a49a334f3258e4512
HG02389,https://ftp-trace.ncbi.nlm.nih.gov/1000genomes/ftp/1000G_2504_high_coverage/data/ERR3242278/HG02389.final.cram,669250842,CDX,81f5b6e5363cdd3bc2af77b608d9d04d
HG01879,https://ftp-trace.ncbi.nlm.nih.gov/1000genomes/ftp/1000G_2504_high_coverage/data/ERR3242292/HG01879.final.cram,752623032,ACB,f0b57ee6bb93a45e44167a1d0393957f
HG02013,https://ftp-trace.ncbi.nlm.nih.gov/1000genomes/ftp/1000G_2504_high_coverage/data/ERR3242294/HG02013.final.cram,777761518,ACB,806bce507a7cc1610735a22fd617b711
HG01896,https://ftp-trace.ncbi.nlm.nih.gov/1000genomes/ftp/1000G_2504_high_coverage/data/ERR3242295/HG01896.final.cram,740827954,ACB,26bd496f27de37ef8de012d613827a5d
HG03668,https://ftp-trace.ncbi.nlm.nih.gov/1000genomes/ftp/1000G_2504_high_coverage/data/ERR3242635/HG03668.final.cram,738398440,PJL,98133d50d45b78f44c20e34685edaf2c
HG03703,https://ftp-trace.ncbi.nlm.nih.gov/1000genomes/ftp/1000G_2504_high_coverage/data/ERR3242639/HG03703.final.cram,684716108,PJL,95c852088d752602d091509896331430
HG03127,https://ftp-trace.ncbi.nlm.nih.gov/1000genomes/ftp/1000G_2504_high_coverage/data/ERR3242982/HG03127.final.cram,668918128,ESN,32e3561b8afe29aa5258e109d4b2ba0f
HG03304,https://ftp-trace.ncbi.nlm.nih.gov/1000genomes/ftp/1000G_2504_high_coverage/data/ERR3242995/HG03304.final.cram,728314698,ESN,79d2fad1d9bb40cc9bf88daa1a556aff
HG01612,https://ftp-trace.ncbi.nlm.nih.gov/1000genomes/ftp/1000G_2504_high_coverage/data/ERR3241949/HG01612.final.cram,753025026,IBS,e7504f6821858a998dbe13a304997a61
HG01625,https://ftp-trace.ncbi.nlm.nih.gov/1000genomes/ftp/1000G_2504_high_coverage/data/ERR3241958/HG01625.final.cram,711183600,IBS,07f263411bda0c7d3bc7d739684884ef
HG01631,https://ftp-trace.ncbi.nlm.nih.gov/1000genomes/ftp/1000G_2504_high_coverage/data/ERR3241962/HG01631.final.cram,698879394,IBS,ae8fb646eb504b8f4a22fbc890ef2846
HG02095,https://ftp-trace.ncbi.nlm.nih.gov/1000genomes/ftp/1000G_2504_high_coverage/data/ERR3242301/HG02095.final.cram,752383234,ACB,c3ef8e79498895f02352931c0e5b84da
HG03829,https://ftp-trace.ncbi.nlm.nih.gov/1000genomes/ftp/1000G_2504_high_coverage/data/ERR3242657/HG03829.final.cram,753806310,BEB,1553dbf04a932d7e1f3f0e730877d5e9
HG03642,https://ftp-trace.ncbi.nlm.nih.gov/1000genomes/ftp/1000G_2504_high_coverage/data/ERR3242669/HG03642.final.cram,754554704,STU,15a3194af737ab40990aa24cc69584f4
HG03518,https://ftp-trace.ncbi.nlm.nih.gov/1000genomes/ftp/1000G_2504_high_coverage/data/ERR3243006/HG03518.final.cram,747672294,ESN,7e995fc31aae521739c4742594d83f90
HG03521,https://ftp-trace.ncbi.nlm.nih.gov/1000genomes/ftp/1000G_2504_high_coverage/data/ERR3243008/HG03521.final.cram,771814656,ESN,421fd17af48db9a27ca015006e99bf7f
HG02494,https://ftp-trace.ncbi.nlm.nih.gov/1000genomes/ftp/1000G_2504_high_coverage/data/ERR3243010/HG02494.final.cram,784094742,PJL,8818b5a4119deee366d374b9e4ffbbd7
HG02682,https://ftp-trace.ncbi.nlm.nih.gov/1000genomes/ftp/1000G_2504_high_coverage/data/ERR3243016/HG02682.final.cram,705154238,PJL,7f98187afdc001577130055bfc096652
HG01680,https://ftp-trace.ncbi.nlm.nih.gov/1000genomes/ftp/1000G_2504_high_coverage/data/ERR3241973/HG01680.final.cram,702998110,IBS,244ada0fda6acadefc334ea39bbaa0dd
HG01577,https://ftp-trace.ncbi.nlm.nih.gov/1000genomes/ftp/1000G_2504_high_coverage/data/ERR3241988/HG01577.final.cram,731873058,PEL,fb872b1a781a9f36107d6ed58c777a36
HG02470,https://ftp-trace.ncbi.nlm.nih.gov/1000genomes/ftp/1000G_2504_high_coverage/data/ERR3242331/HG02470.final.cram,742352034,ACB,bf06561cfc72dcc016dc743353ba1eae
HG03888,https://ftp-trace.ncbi.nlm.nih.gov/1000genomes/ftp/1000G_2504_high_coverage/data/ERR3242682/HG03888.final.cram,739558770,STU,e17d359e424c4a620aeb7435c7f5d899
HG03756,https://ftp-trace.ncbi.nlm.nih.gov/1000genomes/ftp/1000G_2504_high_coverage/data/ERR3242685/HG03756.final.cram,752903146,STU,986f86d30ff8d63a566c6c8001f34ce4
HG03625,https://ftp-trace.ncbi.nlm.nih.gov/1000genomes/ftp/1000G_2504_high_coverage/data/ERR3243030/HG03625.final.cram,904887692,PJL,354c8095ac7cc4f6c0fd69b128a2259e
HG03636,https://ftp-trace.ncbi.nlm.nih.gov/1000genomes/ftp/1000G_2504_high_coverage/data/ERR3243042/HG03636.final.cram,717516408,PJL,2aafd48cb0afe098523456ca499dee93
HG01945,https://ftp-trace.ncbi.nlm.nih.gov/1000genomes/ftp/1000G_2504_high_coverage/data/ERR3242009/HG01945.final.cram,763278984,PEL,d8ef5798915f6671c569ab63e426b74d
HG02047,https://ftp-trace.ncbi.nlm.nih.gov/1000genomes/ftp/1000G_2504_high_coverage/data/ERR3242343/HG02047.final.cram,763220738,KHV,79e2592a47312870d702c0e59877a079
HG03898,https://ftp-trace.ncbi.nlm.nih.gov/1000genomes/ftp/1000G_2504_high_coverage/data/ERR3242695/HG03898.final.cram,864092122,STU,d04f710303b5fb603a956f52393e0928
HG03943,https://ftp-trace.ncbi.nlm.nih.gov/1000genomes/ftp/1000G_2504_high_coverage/data/ERR3242697/HG03943.final.cram,652790986,STU,74ea2a78e28132383249c5218be45f68
HG03729,https://ftp-trace.ncbi.nlm.nih.gov/1000genomes/ftp/1000G_2504_high_coverage/data/ERR3242705/HG03729.final.cram,754931360,ITU,323f04a41c7c156a36b3f4a6e666e64b
HG03663,https://ftp-trace.ncbi.nlm.nih.gov/1000genomes/ftp/1000G_2504_high_coverage/data/ERR3243057/HG03663.final.cram,751171388,PJL,6e1e30db5cdd6ab4c611660e96ef08a8
HG00406,https://ftp-trace.ncbi.nlm.nih.gov/1000genomes/ftp/1000G_2504_high_coverage/data/ERR3241667/HG00406.final.cram,728606338,CHS,66b69bffe64d69c6a2dac5b4d638cc6b
HG02573,https://ftp-trace.ncbi.nlm.nih.gov/1000genomes/ftp/1000G_2504_high_coverage/data/ERR3242365/HG02573.final.cram,879943596,GWD,55b4fecfd2e450b1ee44f0965f6893b8
HG02588,https://ftp-trace.ncbi.nlm.nih.gov/1000genomes/ftp/1000G_2504_high_coverage/data/ERR3242371/HG02588.final.cram,751998838,GWD,85fd1f70e53af758fd574dc4bd589ed7
HG02628,https://ftp-trace.ncbi.nlm.nih.gov/1000genomes/ftp/1000G_2504_high_coverage/data/ERR3242381/HG02628.final.cram,736909372,GWD,cf518f9dc530c0d3b31e84fe606d973a
HG03788,https://ftp-trace.ncbi.nlm.nih.gov/1000genomes/ftp/1000G_2504_high_coverage/data/ERR3242717/HG03788.final.cram,763783898,ITU,96a14893fc0f57cfd504b0a5b0336909
HG03971,https://ftp-trace.ncbi.nlm.nih.gov/1000genomes/ftp/1000G_2504_high_coverage/data/ERR3242724/HG03971.final.cram,709402244,ITU,8105e58b14463835c29ec0847c878b32
HG02439,https://ftp-trace.ncbi.nlm.nih.gov/1000genomes/ftp/1000G_2504_high_coverage/data/ERR3242731/HG02439.final.cram,758020800,ACB,a4ea94fa3dfc3a3629b1c5ef4b9fb7ef
HG02502,https://ftp-trace.ncbi.nlm.nih.gov/1000genomes/ftp/1000G_2504_high_coverage/data/ERR3242737/HG02502.final.cram,716799896,ACB,7a0ed0bdb744510f31a8089af2cb2fee
HG03917,https://ftp-trace.ncbi.nlm.nih.gov/1000genomes/ftp/1000G_2504_high_coverage/data/ERR3243074/HG03917.final.cram,853722908,BEB,bdec819f3e514bc55fb0ab07d2228ada
HG04153,https://ftp-trace.ncbi.nlm.nih.gov/1000genomes/ftp/1000G_2504_high_coverage/data/ERR3243078/HG04153.final.cram,1031451824,BEB,4e184406ec03bcbe01e16c1080bb612d
HG04177,https://ftp-trace.ncbi.nlm.nih.gov/1000genomes/ftp/1000G_2504_high_coverage/data/ERR3243084/HG04177.final.cram,785711586,BEB,8531557dbe5425f48e21e0865112940d
HG03995,https://ftp-trace.ncbi.nlm.nih.gov/1000genomes/ftp/1000G_2504_high_coverage/data/ERR3243089/HG03995.final.cram,936840076,STU,b95bac15184b167753b5fd60cad34579
HG00534,https://ftp-trace.ncbi.nlm.nih.gov/1000genomes/ftp/1000G_2504_high_coverage/data/ERR3241690/HG00534.final.cram,763598426,CHS,fa69407078dcba2ca29c15e12f9ccfed
HG00537,https://ftp-trace.ncbi.nlm.nih.gov/1000genomes/ftp/1000G_2504_high_coverage/data/ERR3241692/HG00537.final.cram,690630810,CHS,eafba6620795462c7ae7b98c757a041e
HG00542,https://ftp-trace.ncbi.nlm.nih.gov/1000genomes/ftp/1000G_2504_high_coverage/data/ERR3241693/HG00542.final.cram,716646890,CHS,82cd7264091e1a11d0b7b63262552182
HG00584,https://ftp-trace.ncbi.nlm.nih.gov/1000genomes/ftp/1000G_2504_high_coverage/data/ERR3241706/HG00584.final.cram,896252128,CHS,a53f3cdcced2ebb00bcacb53e8b9deca
HG02072,https://ftp-trace.ncbi.nlm.nih.gov/1000genomes/ftp/1000G_2504_high_coverage/data/ERR3242050/HG02072.final.cram,762297828,KHV,b971fe267b44255c40d3b53f19e00504
HG02075,https://ftp-trace.ncbi.nlm.nih.gov/1000genomes/ftp/1000G_2504_high_coverage/data/ERR3242052/HG02075.final.cram,731853352,KHV,1621828ee27c5a1b9d4cfaea77151d1e
HG02601,https://ftp-trace.ncbi.nlm.nih.gov/1000genomes/ftp/1000G_2504_high_coverage/data/ERR3242400/HG02601.final.cram,733519374,PJL,a21fa3c889efbc00bd752961ea17858b
HG02541,https://ftp-trace.ncbi.nlm.nih.gov/1000genomes/ftp/1000G_2504_high_coverage/data/ERR3242740/HG02541.final.cram,751593224,ACB,1608545b5e733de501e69680ce1c8716
HG02577,https://ftp-trace.ncbi.nlm.nih.gov/1000genomes/ftp/1000G_2504_high_coverage/data/ERR3242748/HG02577.final.cram,817301682,ACB,30bfe91cd8856748b8e0155d2eb028e5
HG01323,https://ftp-trace.ncbi.nlm.nih.gov/1000genomes/ftp/1000G_2504_high_coverage/data/ERR3242756/HG01323.final.cram,759446836,PUR,3effb4666a805f990ce31d02ede268f4
HG03899,https://ftp-trace.ncbi.nlm.nih.gov/1000genomes/ftp/1000G_2504_high_coverage/data/ERR3243090/HG03899.final.cram,759297920,STU,d0e00f24037fb5111ddabec31440513a
HG04229,https://ftp-trace.ncbi.nlm.nih.gov/1000genomes/ftp/1000G_2504_high_coverage/data/ERR3243097/HG04229.final.cram,659038322,STU,ace57047dc2cad1cba3cb170f21d47f8
HG04106,https://ftp-trace.ncbi.nlm.nih.gov/1000genomes/ftp/1000G_2504_high_coverage/data/ERR3243111/HG04106.final.cram,924599790,STU,40969d11c2e71d59a49450e79bf8632d
HG00595,https://ftp-trace.ncbi.nlm.nih.gov/1000genomes/ftp/1000G_2504_high_coverage/data/ERR3241711/HG00595.final.cram,679670996,CHS,9a01e055d2bd601ed2ccdbbbab626bbc
HG00640,https://ftp-trace.ncbi.nlm.nih.gov/1000genomes/ftp/1000G_2504_high_coverage/data/ERR3241728/HG00640.final.cram,696219112,PUR,72424fe17fc2a7dd8dab7f735f50fc7e
HG02081,https://ftp-trace.ncbi.nlm.nih.gov/1000genomes/ftp/1000G_2504_high_coverage/data/ERR3242056/HG02081.final.cram,704368116,KHV,4ae54db3797f8f695865f5ae508b7616
HG01599,https://ftp-trace.ncbi.nlm.nih.gov/1000genomes/ftp/1000G_2504_high_coverage/data/ERR3242066/HG01599.final.cram,804178162,KHV,e5549fb4e6f7a31b6efa8fd9f4967a05
HG02685,https://ftp-trace.ncbi.nlm.nih.gov/1000genomes/ftp/1000G_2504_high_coverage/data/ERR3242410/HG02685.final.cram,746751590,PJL,83ed6de6d59ba349286daad550de990f
HG02635,https://ftp-trace.ncbi.nlm.nih.gov/1000genomes/ftp/1000G_2504_high_coverage/data/ERR3242420/HG02635.final.cram,766800912,GWD,dfbdae9f920239f0ddf71341f24a33eb
HG01063,https://ftp-trace.ncbi.nlm.nih.gov/1000genomes/ftp/1000G_2504_high_coverage/data/ERR3242770/HG01063.final.cram,753177102,PUR,1fa8e9a30ae2e12c89360754b632d5c2
HG01092,https://ftp-trace.ncbi.nlm.nih.gov/1000genomes/ftp/1000G_2504_high_coverage/data/ERR3242773/HG01092.final.cram,695614266,PUR,414827b13933a57a208865628e58af0a
HG01161,https://ftp-trace.ncbi.nlm.nih.gov/1000genomes/ftp/1000G_2504_high_coverage/data/ERR3242774/HG01161.final.cram,740861202,PUR,088641e122d29d5b51f35dff6f368b65
HG01164,https://ftp-trace.ncbi.nlm.nih.gov/1000genomes/ftp/1000G_2504_high_coverage/data/ERR3242776/HG01164.final.cram,717772810,PUR,d4bf75c1213790c9b11bc0a873092506
HG04062,https://ftp-trace.ncbi.nlm.nih.gov/1000genomes/ftp/1000G_2504_high_coverage/data/ERR3243122/HG04062.final.cram,786210868,ITU,3f475658c8fbe1337a7e6dcd571f7e89
HG00704,https://ftp-trace.ncbi.nlm.nih.gov/1000genomes/ftp/1000G_2504_high_coverage/data/ERR3241749/HG00704.final.cram,661411994,CHS,cba464b314192ccbc8d344eaef0c93ca
HG01861,https://ftp-trace.ncbi.nlm.nih.gov/1000genomes/ftp/1000G_2504_high_coverage/data/ERR3242086/HG01861.final.cram,784567336,KHV,84b9ef8223d3234bd4a76bf5dc805a43
HG01874,https://ftp-trace.ncbi.nlm.nih.gov/1000genomes/ftp/1000G_2504_high_coverage/data/ERR3242099/HG01874.final.cram,771569020,KHV,9b72f3d6f31f3279ced76e8973b6aa92
HG02887,https://ftp-trace.ncbi.nlm.nih.gov/1000genomes/ftp/1000G_2504_high_coverage/data/ERR3242441/HG02887.final.cram,701201038,GWD,dbfcc6d710e6f3a5fe98406d5b6f2278
HG03046,https://ftp-trace.ncbi.nlm.nih.gov/1000genomes/ftp/1000G_2504_high_coverage/data/ERR3242450/HG03046.final.cram,692451880,GWD,a6d2b5f87d07bd72ad492bd90ab3cba2
HG01142,https://ftp-trace.ncbi.nlm.nih.gov/1000genomes/ftp/1000G_2504_high_coverage/data/ERR3242789/HG01142.final.cram,803771504,CLM,9c5161b1f58ee1bb27caa81fdafd4236
HG01431,https://ftp-trace.ncbi.nlm.nih.gov/1000genomes/ftp/1000G_2504_high_coverage/data/ERR3242798/HG01431.final.cram,739945608,CLM,8baf2fcfbd8a563ff394e24c93fd13f6
HG04211,https://ftp-trace.ncbi.nlm.nih.gov/1000genomes/ftp/1000G_2504_high_coverage/data/ERR3243135/HG04211.final.cram,711948062,ITU,2dbf7539fb7bc26ed9e718c4eb058595
HG04214,https://ftp-trace.ncbi.nlm.nih.gov/1000genomes/ftp/1000G_2504_high_coverage/data/ERR3243138/HG04214.final.cram,872909558,ITU,1a3d81fb61a72c8d7cb11001331d8ab3
HG04239,https://ftp-trace.ncbi.nlm.nih.gov/1000genomes/ftp/1000G_2504_high_coverage/data/ERR3243140/HG04239.final.cram,701619068,ITU,e41f825338af629ac3bf25451be9b126
HG00288,https://ftp-trace.ncbi.nlm.nih.gov/1000genomes/ftp/1000G_2504_high_coverage/data/ERR3243151/HG00288.final.cram,706968622,FIN,6aa33904d7995701c197e97e25353f3f
HG01054,https://ftp-trace.ncbi.nlm.nih.gov/1000genomes/ftp/1000G_2504_high_coverage/data/ERR3241763/HG01054.final.cram,680430470,PUR,b68e827160771b6b478447a7222485c7
NA19913,https://ftp-trace.ncbi.nlm.nih.gov/1000genomes/ftp/1000G_2504_high_coverage/data/ERR3241771/NA19913.final.cram,741828188,ASW,246b2d8829c9c4b33d6263d10b7ea228
NA20318,https://ftp-trace.ncbi.nlm.nih.gov/1000genomes/ftp/1000G_2504_high_coverage/data/ERR3241773/NA20318.final.cram,793127170,ASW,6379b23ba727edc1cc78b3cde9a95391
HG01761,https://ftp-trace.ncbi.nlm.nih.gov/1000genomes/ftp/1000G_2504_high_coverage/data/ERR3242118/HG01761.final.cram,736801516,IBS,7cd8aca67aae6eb036328098ea95558f
HG02836,https://ftp-trace.ncbi.nlm.nih.gov/1000genomes/ftp/1000G_2504_high_coverage/data/ERR3242459/HG02836.final.cram,731681420,GWD,ad502125a58806cc01780ec5ba0d750f
HG03052,https://ftp-trace.ncbi.nlm.nih.gov/1000genomes/ftp/1000G_2504_high_coverage/data/ERR3242467/HG03052.final.cram,732948112,MSL,328300e435c9b121faa2fce383e567e9
HG02006,https://ftp-trace.ncbi.nlm.nih.gov/1000genomes/ftp/1000G_2504_high_coverage/data/ERR3242813/HG02006.final.cram,776660914,PEL,f4bf341142d59c6fc741decd2bf3b0a2
HG02275,https://ftp-trace.ncbi.nlm.nih.gov/1000genomes/ftp/1000G_2504_high_coverage/data/ERR3242822/HG02275.final.cram,742554834,PEL,0121a43ee518b2281c3ca422813a2a65
HG01786,https://ftp-trace.ncbi.nlm.nih.gov/1000genomes/ftp/1000G_2504_high_coverage/data/ERR3243159/HG01786.final.cram,1183288550,IBS,f380c7fd4f367b3b51d90ede9bc1b073
HG02219,https://ftp-trace.ncbi.nlm.nih.gov/1000genomes/ftp/1000G_2504_high_coverage/data/ERR3243160/HG02219.final.cram,797104272,IBS,a41e557c5e62eadfd9d722a3cb22d788
HG00734,https://ftp-trace.ncbi.nlm.nih.gov/1000genomes/ftp/1000G_2504_high_coverage/data/ERR3241778/HG00734.final.cram,760836342,PUR,a7e93f7d95651dab690d1bc506cf89ea
HG00154,https://ftp-trace.ncbi.nlm.nih.gov/1000genomes/ftp/1000G_2504_high_coverage/data/ERR3241779/HG00154.final.cram,760389100,GBR,ff14d3bb614daa999879f54aa63b18d5
HG00275,https://ftp-trace.ncbi.nlm.nih.gov/1000genomes/ftp/1000G_2504_high_coverage/data/ERR3241784/HG00275.final.cram,724832306,FIN,b223df6d563d008b8aa3e7cb7ecbad05
HG01779,https://ftp-trace.ncbi.nlm.nih.gov/1000genomes/ftp/1000G_2504_high_coverage/data/ERR3242127/HG01779.final.cram,802623196,IBS,4716ddd7600a74d296e005adb1548350
HG00879,https://ftp-trace.ncbi.nlm.nih.gov/1000genomes/ftp/1000G_2504_high_coverage/data/ERR3242134/HG00879.final.cram,679002214,CDX,7299b27fbab9469d6ad95ac2591eddae
HG00978,https://ftp-trace.ncbi.nlm.nih.gov/1000genomes/ftp/1000G_2504_high_coverage/data/ERR3242137/HG00978.final.cram,833075794,CDX,826ee5fb0fcb81245bb00c4f4d47c7e9
HG03469,https://ftp-trace.ncbi.nlm.nih.gov/1000genomes/ftp/1000G_2504_high_coverage/data/ERR3242479/HG03469.final.cram,724080986,MSL,f80669ef7323dd76fc856a8b3a45fe4b
HG02973,https://ftp-trace.ncbi.nlm.nih.gov/1000genomes/ftp/1000G_2504_high_coverage/data/ERR3242486/HG02973.final.cram,704112242,ESN,4419aef4d7bc1a92665f264f0da5226c
HG01069,https://ftp-trace.ncbi.nlm.nih.gov/1000genomes/ftp/1000G_2504_high_coverage/data/ERR3241809/HG01069.final.cram,1126448690,PUR,fd8ad494d4f2d27977d41525c263ecdd
HG01070,https://ftp-trace.ncbi.nlm.nih.gov/1000genomes/ftp/1000G_2504_high_coverage/data/ERR3241810/HG01070.final.cram,713313680,PUR,ae175a9e69a4c668cdc87eed04ff27c7
HG01073,https://ftp-trace.ncbi.nlm.nih.gov/1000genomes/ftp/1000G_2504_high_coverage/data/ERR3241812/HG01073.final.cram,795229688,PUR,fe3f8595abf1efd8b6a604bbc127f1db
HG01083,https://ftp-trace.ncbi.nlm.nih.gov/1000genomes/ftp/1000G_2504_high_coverage/data/ERR3241815/HG01083.final.cram,867792328,PUR,16d557eb780f01fbdca90e0439acce8e
HG01805,https://ftp-trace.ncbi.nlm.nih.gov/1000genomes/ftp/1000G_2504_high_coverage/data/ERR3242153/HG01805.final.cram,724982026,CDX,697d1686297913b57dc18757419e8f24
HG03133,https://ftp-trace.ncbi.nlm.nih.gov/1000genomes/ftp/1000G_2504_high_coverage/data/ERR3242497/HG03133.final.cram,842853292,ESN,f551428b91361497fc6d1266091c755e
HG02728,https://ftp-trace.ncbi.nlm.nih.gov/1000genomes/ftp/1000G_2504_high_coverage/data/ERR3242504/HG02728.final.cram,892105012,PJL,0a350639e946db4104f4b7ef49e75860
HG03910,https://ftp-trace.ncbi.nlm.nih.gov/1000genomes/ftp/1000G_2504_high_coverage/data/ERR3242849/HG03910.final.cram,778666758,BEB,617c7edbedbc943b9f346fd3613ee925
HG04146,https://ftp-trace.ncbi.nlm.nih.gov/1000genomes/ftp/1000G_2504_high_coverage/data/ERR3242857/HG04146.final.cram,735118390,BEB,cac0e155052fbb5b85016feb0472776b
HG04159,https://ftp-trace.ncbi.nlm.nih.gov/1000genomes/ftp/1000G_2504_high_coverage/data/ERR3242859/HG04159.final.cram,842049452,BEB,38eb8546ac81f5884489821768014a07
HG03897,https://ftp-trace.ncbi.nlm.nih.gov/1000genomes/ftp/1000G_2504_high_coverage/data/ERR3242866/HG03897.final.cram,860546814,STU,0f4ba622e20e5f7221c3c8973919052d
HG01136,https://ftp-trace.ncbi.nlm.nih.gov/1000genomes/ftp/1000G_2504_high_coverage/data/ERR3241834/HG01136.final.cram,790858814,CLM,6d1625ff47cf144bb1af371ebbc4c156
HG01140,https://ftp-trace.ncbi.nlm.nih.gov/1000genomes/ftp/1000G_2504_high_coverage/data/ERR3241837/HG01140.final.cram,819903480,CLM,880c2fd2adb01ac39ccc3ea0a9e62c61
HG01148,https://ftp-trace.ncbi.nlm.nih.gov/1000genomes/ftp/1000G_2504_high_coverage/data/ERR3241838/HG01148.final.cram,721357290,CLM,7b6ad1c3029dc9aa91946872a3b32555
HG02181,https://ftp-trace.ncbi.nlm.nih.gov/1000genomes/ftp/1000G_2504_high_coverage/data/ERR3242177/HG02181.final.cram,740566016,CDX,e2370952482b29ea38537ad87ec4c588
HG02188,https://ftp-trace.ncbi.nlm.nih.gov/1000genomes/ftp/1000G_2504_high_coverage/data/ERR3242183/HG02188.final.cram,735794714,CDX,01a0d7e51da8542a9403fad9add80218
HG00632,https://ftp-trace.ncbi.nlm.nih.gov/1000genomes/ftp/1000G_2504_high_coverage/data/ERR3242520/HG00632.final.cram,700382870,CHS,f754219db5c3159967b4e426a80ee7b3
HG00675,https://ftp-trace.ncbi.nlm.nih.gov/1000genomes/ftp/1000G_2504_high_coverage/data/ERR3242522/HG00675.final.cram,704195018,CHS,b4f210c82854e9ac6e914b3a7e174346
HG03025,https://ftp-trace.ncbi.nlm.nih.gov/1000genomes/ftp/1000G_2504_high_coverage/data/ERR3242524/HG03025.final.cram,682641214,GWD,b73514e953b621c42afa76e46a02fddb
HG03088,https://ftp-trace.ncbi.nlm.nih.gov/1000genomes/ftp/1000G_2504_high_coverage/data/ERR3242538/HG03088.final.cram,781152254,MSL,bfb69d9184f3387e887a92948726fb5b
